{"cs":[{"createByDblclick":false,"monthFormat":"m/d","weekFormat":"m/d(D)","class":"CalendarSettingUIModel","hideInactiveRow":false,"dayFormat":"l M d Y","fromtoFormat":"m/d/Y","id":"1","intervalSlot":"30","readOnly":false,"hourFormat":"24","singleDay":false,"startDay":"1","activeEndTime":"19:00","activeStartTime":"09:00","language":"en"}],"owned":[{"shares":[],"id":"1","hide":false,"color":"blue","description":null,"permit":"all","name":"demo","class":"CalendarTypeUIModel","isShared":false}],"shared":[],"re":[]}